TUT00099,teacher,Mr. Smith,Math,smith@example.com,1234567890,CampusX,BSc,Undergraduate,Colombo,03ac674216f3e15c761ee1a5e255f067953623c8b388b4459e13f978d7c846f4,Experienced math tutor,Teacher1.jpg
TUT64525,kavi1234,Kaviya,Computer Science,kaviya@gmail.com,0701234567,sliit,Computer Science,BSc,Colombo 7,03ac674216f3e15c761ee1a5e255f067953623c8b388b4459e13f978d7c846f4,,TUT64525_1747577095066.jpg
TUT10001,alice123,Alice Johnson,Art,alice@example.com,0711111111,CampusA,BA,Undergraduate,Kandy,03ac674216f3e15c761ee1a5e255f067953623c8b388b4459e13f978d7c846f4,Passionate artist.,alice.jpg
TUT10002,bob321,Bob Smith,Biology,bob@example.com,0722222222,CampusB,BSc,Undergraduate,Matara,03ac674216f3e15c761ee1a5e255f067953623c8b388b4459e13f978d7c846f4,,bob.jpg
TUT10003,charlie789,Charlie Lee,Chemistry,charlie@example.com,0733333333,CampusC,BSc,Undergraduate,Galle,03ac674216f3e15c761ee1a5e255f067953623c8b388b4459e13f978d7c846f4,Chemistry enthusiast.,charlie.jpg
TUT10004,dina456,Dina Perera,Computer Science,dina@example.com,0744444444,CampusD,BSc,Undergraduate,Colombo 3,03ac674216f3e15c761ee1a5e255f067953623c8b388b4459e13f978d7c846f4,,dina.jpg
TUT10005,edwin007,Edwin Jayasuriya,English,edwin@example.com,0755555555,CampusE,BA,Undergraduate,Jaffna,03ac674216f3e15c761ee1a5e255f067953623c8b388b4459e13f978d7c846f4,,edwin.jpg
TUT10006,farahF,Farah Malik,History,farah@example.com,0766666666,CampusF,BA,Undergraduate,Batticaloa,03ac674216f3e15c761ee1a5e255f067953623c8b388b4459e13f978d7c846f4,,farah.jpg
TUT10007,gehanx,Gehan Silva,Math,gehan@example.com,0777777777,CampusG,BSc,Undergraduate,Kurunegala,03ac674216f3e15c761ee1a5e255f067953623c8b388b4459e13f978d7c846f4,,gehan.jpg
TUT10008,harshaQ,Harsha Dissanayake,Physics,harsha@example.com,0788888888,CampusH,BSc,Undergraduate,Anuradhapura,03ac674216f3e15c761ee1a5e255f067953623c8b388b4459e13f978d7c846f4,,harsha.jpg
TUT10009,isha99,Isha Fernando,Science,isha@example.com,0799999999,CampusI,BSc,Undergraduate,Nuwara Eliya,03ac674216f3e15c761ee1a5e255f067953623c8b388b4459e13f978d7c846f4,,isha.jpg
TUT10010,judeT,Jude Thomas,Zoology,jude@example.com,0712345678,CampusJ,BSc,Undergraduate,Trincomalee,03ac674216f3e15c761ee1a5e255f067953623c8b388b4459e13f978d7c846f4,,jude.jpg
<<<<<<< Updated upstream
=======

>>>>>>> Stashed changes
